{
  "Papirologija": {
    "answer": "Za process registracije kompanije u Crnoj Gori, neophodno je pripremiti sledeću dokumentaciju: <ul> <li>Statut</li> <li>Odluka o imenovanju izvršnog direktora</li> <li>Odluka o osnivanju preduzeća</li> <li>JPR registraciona prijava</li> <li>Platiti takse ka Centralnom registru privrednih subjekata</li> <li>Račun u banci</li> </ul> ",
    "children": {
      "Kako osnovati racun u banci?": {
        "answer": "<ol> <li>Ispunjen i ovjeren OP obrazac ( opština, sud ili kod notara), ovdje preuzmite <a href=\"https://www.asistent.me/dw/obrasci/opobrazac.pdf\">OP obrazac</a>.</li> <li>Potvrda o registraciji firme.</li> <li>Statut ili odluka o osnivanju.</li> <li>PIB.</li> <li>PDV</li> <li>Ličnu kartu ili pasoš lica ovlašćenog/ih za zastupanje.</li> <li>Pečat firme.</li> </ol> "
      },
      "Statut": {
        "answer": "Postoje 2 vrste statuta: Statut za jednočlano i višečlano društvo.",
        "children": {
          "Statut za jednočlano društvo": {
            "answer": "Statut za jednočlano društvo je pravni dokument koji definiše osnovne informacije o firmi i načinu upravljanja, pri čemu je jedan pojedinac jedini član i vlasnik tog društva. Preuzmite primjer <a href=\"https://www.asistent.me/dw/STATUT_jednoclano_DOO.doc\">Statuta za jednočlano društvo</a> (ukoliko društvo osniva jedan osnivač)."
          },
          "Statut za višečlano društvo": {
            "answer": "Statut za višečlano društvo je pravni dokument koji uređuje osnivanje i upravljanje firmom koja ima više od jednog člana, definirajući uloge, odgovornosti, i prava svakog člana u društvu. Preuzmite primjer <a href=\"https://www.asistent.me/dw/statut_viseclano_doo.doc\">Statuta za višečlano društvo</a> (ukoliko preduzeće osniva više osnivača)."
          }
        }
      },
      "Odluka o imenovanju izvršnog direktora": {
        "answer": "Saglasnost izvršnog direktora je pravni dokument kojim izvršni direktor formalno prihvata i potvrđuje svoju saglasnost sa imenovanjem ili odlukom koja se odnosi na određenu poslovnu ili upravljačku funkciju. Uraditi te potpisati (izvršni direktor) saglasnost izvršnog direktora sa imenovanjem, preuzmite <a href=\"https://www.asistent.me/dw/saglasnost.doc\">Saglasnost izvršnog direktora sa imenovanjem</a>."
      },
      "Odluka o osnivanju preduzeća": {
        "answer": "Odluka o osnivanju preduzeća predstavlja formalni akt kojim osnivači ili vlasnici firme donose odluku da započnu i registrovuju svoju poslovnu delatnost. Uraditi Odluku o osnivanju preduzeća (ukoliko društvo osniva jedan osnivač), preuzmite primjer <a href=\"https://www.asistent.me/dw/odluke/ODLUKA_o_osnivanju_DOO.doc\">Odluke o osnivanju</a>. "
      },
      "JPR registraciona prijava": {
        "answer": "JPR registraciona prijava se odnosi na dokumentaciju koju ta preduzeća podnose radi registracije ili promene podataka u nadležnim organima ili institucijama, kao što su Agencija za privredne registre ili drugi relevantni entiteti, kako bi bila usklađena s važećim zakonima i propisima."
      },
      "Platiti takse ka Centralnom registru privrednih subjekata": {
        "answer": " <ol> <li>Uplatiti na račun Poreske uprave 5,00 €, broj žiro računa: 832-3161017-60, svrha uplate: registracija d.o.o. Pogledajte kako izgleda <a href=\"https://www.asistent.me/images/uplatnicaporeska.jpg\">Ispunjena uplatnica</a>.</li> <li>Uplatiti na račun Službenog lista CG 3,00 €, broj žiro računa: 520-941100-57, svrha uplate: registracija d.o.o. Pogledajte kako izgleda <a href=\"https://www.asistent.me/images/uplatnicasluzbenidoo.jpg\">Ispunjena uplatnica</a>.</li> <li>Podići izvod iz CDA (Centralnog Klirinško Depozitarnog Društva). Prilikom podizanja izvoda na adresi: Svetlane Kane Radević bb, 81000 Podgorica, potrebno je priložiti kopiju lične karte osnivača ili kopiju pasoša ukoliko je osnivač stranac kao i uplatnicu u iznosu od 6,05 € uplaćenu na neki od žiro računa CDA: 510-8092-14 ili 550-3143-63, svrha uplate: taksa za izvod. Pogledajte kako izgleda <a href=\"https://www.asistent.me/images/cda.jpg\">Ispunjena uplatnica</a>.</li> </ol> "
      },
      "Ugovor o osnivanju preduzeća": {
        "answer": "Ugovor o osnivanju preduzeća je pravni dokument kojim osnivači ili partneri definišu uslove i obaveze vezane za zajedničko upravljanje i vlasništvo nad poslovnim entitetom. Uraditi Ugovor o osnivanju preduzeća (ukoliko preduzeće osniva više osnivača), preuzmite primjer <a href=\"https://www.asistent.me/dw/ugovori/UGOVOR_o_osnivanju_DOO.doc\">Ugovora o osnivanju</a>."
      }
    }
  },

  "Vrste firmi": {
    "answer": "Vrste firmi su: <ul> <li>Ortacko društvo (OD)</li> <li>Komanditno društvo (KD)</li> <li>Akcionarsko društvo (AD)</li> <li>Društvo sa ograničenom odgovornošću (DOO)</li> <li>Preduzetnik</li> <li>Dio stranog društva</li> </ul> ",
    "children": {
      "OD": {
        "answer": "Ortačko društvo je pravna forma u kojoj se dva ili više partnera udružuju radi zajedničkog obavljanja poslovne delatnosti. Partneri su solidarno odgovorni za dugove firme svojim ličnim imovinama. Ovo društvo se često koristi za manje biznise i zajedničke poduhvate."
      },
      "KD": {
        "answer": "Komanditno društvo je oblik poslovne saradnje u kojem postoje komanditori (aktivni partneri koji upravljaju firmom i imaju neograničenu odgovornost) i komanditori (pasivni partneri koji imaju ograničenu odgovornost, odgovaraju samo sa svojim ulogom u kapitalu). Ova struktura omogućava kombinaciju kapitala i aktivnog upravljanja."
      },
      "AD": {
        "answer": "Akcionarsko društvo je organizacija koja je vlasnički podeljena na akcije koje se mogu javno prodavati. Akcionari imaju ograničenu odgovornost, odgovaraju samo sa svojim ulozima u akcijama. Ovo je čest oblik za velike korporacije koje prikupljaju kapital od mnogih investitora."
      },
      "DOO": {
        "answer": "Društvo sa ograničenom odgovornošću je popularan oblik pravne forme za osnivanje preduzeća u Crnoj Gori. Osnovna karakteristika DOO-a je da članovi (vlasnici) imaju ograničenu ličnu odgovornost prema dugovima firme, što znači da odgovaraju samo do visine svog uloženog kapitala. Ovo je često izbor za mala i srednja preduzeća."
      },
      "Preduzetnik": {
        "answer": "Preduzetnik je pojedinac koji samostalno obavlja poslovnu delatnost i odgovara svojom ličnom imovinom za obaveze preduzetničke delatnosti. Ovo je najjednostavniji oblik poslovanja za pojedince."
      },
      "Dio stranog društva": {
        "answer": "Strano društvo može otvoriti filijalu ili predstavništvo u Crnoj Gori kako bi obavljalo određene poslovne aktivnosti u zemlji. Filijala ili predstavništvo ne predstavljaju samostalno pravno lice i obično služe za lakše izvršavanje specifičnih poslovnih zadataka ili trgovinske aktivnosti."
      }
    }
  },

  "Poreske stope i cijene otvaranja": {
    "answer": "Troškovi registracije kompanije u Crnoj Gori zavise od više faktora, kao što su: odabir pružaoca usluga, broj osnivača te je najbolje da kontaktirate nekog od lokalnih pružaoca ovh usluga kako bi Vas uputili u sve detalje.",
    "children": {
      "Troškovi otvaranja kompanije i obaveze": {
        "answer": " <ol> <li>Uplatiti na račun Poreske uprave 5,00 €, broj žiro računa: 832-3161017-60, svrha uplate: registracija d.o.o. Pogledajte kako izgleda <a href=\"https://www.asistent.me/images/uplatnicaporeska.jpg\">Ispunjena uplatnica</a>.</li> <li>Uplatiti na račun Službenog lista CG 3,00 €, broj žiro računa: 520-941100-57, svrha uplate: registracija d.o.o. Pogledajte kako izgleda <a href=\"https://www.asistent.me/images/uplatnicasluzbenidoo.jpg\">Ispunjena uplatnica</a>.</li> <li>Podići izvod iz CDA (Centralnog Klirinško Depozitarnog Društva). Prilikom podizanja izvoda na adresi: Svetlane Kane Radević bb, 81000 Podgorica, potrebno je priložiti kopiju lične karte osnivača ili kopiju pasoša ukoliko je osnivač stranac kao i uplatnicu u iznosu od 6,05 € uplaćenu na neki od žiro računa CDA: 510-8092-14 ili 550-3143-63, svrha uplate: taksa za izvod. Pogledajte kako izgleda <a href=\"https://www.asistent.me/images/cda.jpg\">Ispunjena uplatnica</a>.</li> </ol> "
      },
      "Poreske stope": {
        "answer": "Nakon registracije kompanije, kompanija je u otvori račun u banci i registruje isti u Upravi prihoda i Carina, kao i da prijavi sve zaposlene u Upravu prihoda i Carina. Kompanija je u obavezi da predaje obrasce za plate i PDV najkasnije do 15-og u mjesecu za prethodni mjesec te izmiri obaveze po osnovu istih, kao i da plaća sve ostale poreze propisane raznim zakonima u Crnoj Gori, za šta bi najbolje bilo angažovati kredibilnu računovodstvenu agenciju.",
        "children": {
          "Koje su poreske stope u Crnoj Gori?": {
            "answer": "U primjeni su dvije pozitivne poreske stope: <ul> <li>standardna stopa od 21% </li> <li>snižena stopa od  </li> </ul> Nulta stopa se primjenjuje za: izvozne transakcije i isporuke ljekova i medicinskih sredstava koji se finansiraju iz sredstava Republičkog fonda za zdravstveno osiguranje."
          },
          "Koja je stopa poreza na dobit u Crnoj Gori?": {
            "answer": "Stopa poreza na dobit u Crnoj Gori zavisi od visine ostvarene dobiti, te je ista progresivna. Do 100.000 EUR ostvarene dobiti, stopa dobiti iznosi 9%. Na iznos ostvarene do biti između 100.000,01 EUR i 1.500.000 stopa poreza na dobit iznosi 12%, dok na iznos ostvarene dobiti koji je viši od 1.500.000 stopa poreza na dobit iznosi 15%."
          },
          "Koje su godišnje obaveze i porezi koje kompanija mora platiti nakon registracije?": {
            "answer": "Nakon registracije kompanije, kompanija je u otvori račun u banci i registruje isti u Upravi prihoda i Carina, kao i da prijavi sve zaposlene u Upravu prihoda i Carina. Kompanija je u obavezi da predaje obrasce za plate i PDV najkasnije do 15-og u mjesecu za prethodni mjesec te izmiri obaveze po osnovu istih, kao i da plaća sve ostale poreze propisane raznim zakonima u Crnoj Gori, za šta bi najbolje bilo angažovati kredibilnu računovodstvenu agenciju."
          }
        }
      }
    }
  },

  "Korak po korak": {
    "answer": "<div id=\"firma\"><p>Postupak osnivanja društva sa ograničenom odgovornošću (d.o.o.) definisan je <a href=\"dw/zakoni/zakon_o_privrednim_drustvima.pdf\" target=\"_blank\">Zakonom o privrednim društvima</a>.</p> <span> Prilikom registracije d.o.o. potrebno je u <a href=\"http://www.crps.me\"  target=\"_blank\">Centralni registar privrednih subjekata</a> priložiti sljedeće:</span> <p> <strong>Korak 1.</strong> Uraditi Odluku o osnivanju preduzeća (ukoliko društvo osniva jedan osnivač), preuzmite primjer <a href=\"dw/odluke/ODLUKA_o_osnivanju_DOO.doc\">Odluke o osnivanju</a>. </p> <p><strong>Korak 1.1</strong> Uraditi Ugovor o osnivanju preduzeća (ukoliko preduzeće osniva više osnivača), preuzmite primjer <a href=\"dw/ugovori/UGOVOR_o_osnivanju_DOO.doc\">Ugovora o osnivanju</a>. </p> <p>  <strong>Korak 2.</strong> Uraditi Statut preduzeća, preuzmite primjer <a href=\"dw/STATUT_jednoclano_DOO.doc\">Statuta za jednočlano društvo </a>(ukoliko društvo osniva jedan osnivač).</p> <p> <strong>Korak 2.1.</strong> Preuzmite primjer <a href=\"dw/statut_viseclano_doo.doc\">Statuta za višečlano društvo</a> (ukoliko preduzeće osniva više osnivača).</p> <span class=\"podloga\">Prilikom odabira osnovne te dodatnih djelatnosti koristite spisak djelatnosti naveden u zakonu o klasifikaciji djelatnosti (unose se šifre sa 4 cifre). Preuzmite  <a href=\"dw/zakoni/zakonoklasifikaciji.pdf\" target=\"blank\">Zakon o klasifikaciji djelatnosti</a>.</span> <p> <strong>Korak 3.</strong> Uplatiti na račun Poreske uprave  <strong>5,00 €</strong>, broj žiro računa:  <strong>832-3161017-60</strong>, svrha uplate: registracija d.o.o. Pogledajte kako izgleda <a href=\"images/uplatnicaporeska.jpg\" target=\"_blank\">Ispunjena uplatnica</a>.</p> <p> <strong>Korak 4.</strong> Uplatiti na račun Službenog lista CG <strong>3,00  €</strong>, broj žiro računa:  <strong>520-941100-57</strong>, svrha uplate: registracija d.o.o. Pogledajte kako izgleda <a href=\"images/uplatnicasluzbenidoo.jpg\" target=\"_blank\">Ispunjena uplatnica</a>.</p> <p><strong>Korak 5.</strong> Ovijeriti Odluku/Ugovor u Sud ili kod Notara.</p> <p><strong>Korak 6.</strong> Podići izvod iz CDA (Centralnog Klirinško Depozitarnog Društva). Prilikom podizanja izvoda na adresi: Svetlane Kane Radević bb, 81000 Podgorica, potrebno je priložiti kopiju lične karte osnivača ili  kopiju pasoša ukoliko je osnivač stranac kao i uplatnicu u iznosu od <strong>6,05 € </strong>uplaćenu na neki od žiro računa CDA: 510-8092-14 ili 550-3143-63, svrha uplate: taksa za izvod. Pogledajte kako izgleda <a href=\"images/cda.jpg\" target=\"_blank\">Ispunjena uplatnica</a>.</p> <p> <strong>Korak 7.</strong> Kopiju lične karte (ukoliko je osnivač Crnogorski državljanin) ili  kopiju pasoša (ukoliko je osnivač strani državljanin). </p> <p> <strong>Korak 8.</strong> Uraditi te potpisati (izvršni direktor) saglasnost izvršnog direktora sa imenovanjem, preuzmite  <a href=\"dw/saglasnost.doc\">Saglasnost  izvršnog direktora sa imenovanjem</a>.</p> <p> <strong>Korak 9.</strong> Ispuniti prijavu preduzeća za početak registracije, preuzmite  <a href=\"dw/obrasci/ps01.doc\">Obrazac za registraciju - PS 01</a>.</p> <span id=\"carinskibroj\"><strong>Carinski broj - ukoliko preduzeće želi uvoziti i izvoziti proizvode, potrebno je prilikom ispunjavanja obrazca PS-01, na zadnjoj strani označiti kolonu po brojem 15.4. Carinski registar, kako bi se preduzeće registrovalo u Upravu carina prilkom čega se dobija carinski broj.</strong></span> <p> <strong>Korak 10.0.</strong> Ukoliko se društvo želi prijaviti za registaciju obveznika za porez na dodatu vrijednost (PDV), popunjava se obrazac PR PDV - 1 dostupan na sljedećem linku <a href=\"dw/obrasci/ObrasacPRPDV1.doc\">Obrazac PR PDV - 1</a>, i predaje se zajedno sa ostalom dokumentacijom potrebnom za osnivanje preduzeća.</p> <p>  <strong>Korak 10.1.</strong> Ukoliko se društvo želi prijaviti za upis u registar akciznih obveznika popunjava se obrazac AKC - P dostupan na sljedećem linku <a href=\"dw/obrasci/Obrazac_AKC-P.docx\">Obrazac AKC - P</a>, i predaje se zajedno sa ostalom dokumentacijom potrebnom za osnivanje preduzeća.</p> <p> <strong>Korak 11.</strong> Ponijeti prikupljenu i ovjerenu dokumentaciju (statut, ovjeren odluku/ugovor, rješenje iz CDA, kopiju lične ili  pasoša, uplatnice i prijavu registracije, obrazac pr pdv- 1 / akc-p) u Centralni Registar Poreske uprave, Vaka Djurovića 20, 81000 Podgorica, Tel: +382 (0)20 230 858, e-mail: crps@t-com.me,  radno vrijeme sa strankama 08:00 -12:30.</p> <span class=\"podloga\">Prilikom predaje dokumentacije dobićete potvrdu sa brojem vašeg rješenja sa kojim uz identifikacioni dokument podižete potvrdu o registraciji nedjelju dana od podnošenja prijave. Takodje sa brojem sa potvrde možete provjeriti na sajtu <a href=\"http://www.crps.me\" target=\"blank\">www.crps.me</a> da li vam je gotova registracija.</span> <p><strong>Nakon dobijanja potvrde o registraciji firme neophodno je uraditi sljedeće:</strong></p> <span>-Izrada pečata (voditi računa da izgled pečata odgovara opisu iz Statuta).</span><br/> <span>-Otvaranje računa u Banci, pogledajte <a href=\"otvracuna.html\"> Kako se otvara račun u Banci.</a><span><br/> <span>-Prijava radnika u poresku upravu, pogledajte <a href=\"prijavaradnika.html\"> Kako se prijavljuje radnik u Poresku upravu.</a><span> <p>Izvor: <a href=\"http://www.crps.me\" target=\"_blank\">Centralni registar privrednih subjekata</a></p> </div><!---firma---> "
  },

  "Česta pitanja": {
    "answer": " <li>Postoji li potreba za zapošljavanjem domaćih radnika pri registraciji kompanije?</li> <li>Kako mogu izabrati naziv za svoju kompaniju, i postoje li ograničenja?</li> <li>Trebam li angažovati pravnog savjetnika ili računovođu za proces registracije?</li> <li>Koje su moguće poslovne licence i dozvole koje su potrebne za moju vrstu poslovanja?</li> <li>Posle koliko dana postajem rezident?</li> <li>Nakon što dobijem radnu dozvolu, koliko vremena moram ostati u Crnoj Gori?</li> <li>Koliko iznosi minimalni osnivački kapital u Crnoj Gori?</li> <li>Da li je neophodno da dolazim u Crnu Goru za proces registracije?</li> ",

    "children": {
      "Postoji li potreba za zapošljavanjem domaćih radnika pri registraciji kompanije?": {
        "answer": "Ne postoji potreba za zapošljavanjem domaćih radnika. Shodno zakonu o strancima, u kompaniji mogu biti zaposleni samo strani radnici koji moraju dobiti radnu i boravišnu dozvolu i ostvaruju ista prava kao i domaći radnici."
      },
      "Kako mogu izabrati naziv za svoju kompaniju, i postoje li ograničenja?": {
        "answer": "Nakon što se odlučite za naziv kompanije, potrebno je provjeriti da li je taj naziv slobodan. Ukoliko jeste, kompaniju možete registrovati pod željenim nazivom jer shodno zakonu svaka kompanija mora imati unikatan naziv."
      },
      "Trebam li angažovati pravnog savjetnika ili računovođu za proces registracije?": {
        "answer": "Kako bi bili sigurni da je sve odrađeno u skladu sa zakonom najbolje bi bilo da angažujete pravnog savjetnika ili računovođu."
      },
      "Koje su moguće poslovne licence i dozvole koje su potrebne za moju vrstu poslovanja?": {
        "answer": "Za određeni broj aktivnosti, kompanija mora dobiti posebnu licencu. Najbolje bi bilo angažovati pravnog savjetnika ili računovodstvenu agenciju kako bi Vam dali detaljne instrukcije."
      },
      "Posle koliko dana postajem rezident?": {
        "answer": "Crnogorski resident postajete nakon 183 dana od dana dobijanja radne i boravišne dozvole."
      },
      "Nakon što dobijem radnu dozvolu, koliko vremena moram ostati u Crnoj Gori?": {
        "answer": "Shodno zakonu, u Crnoj Gori biste morali provesti minimum 11 mjeseci u kalendarskoj godini."
      },
      "Koliko iznosi minimalni osnivački kapital u Crnoj Gori?": {
        "answer": "Minimalni osnivački kapital u Crnoj Gori iznosi 1 EUR."
      },
      "Da li je neophodno da dolazim u Crnu Goru za proces registracije?": {
        "answer": "Za process registracije nije neophodno da dolazite u Crnu Goru ukoliko kompaniju registrujete preko punomoćnika. Punomoćje treba da sadrži lične podatke osnivača, naziv kompanije, lične podatke ponomoćnika te sve aktivnosti koje punomoćnik treba da preduzme u cilju pripreme dokumentacije i registracije kompanije. Napomena: Punomoćje mora biti notarizovano i/ili apostilirano u zavinosti od zemlje u kojoj se nalazite te prevedeno na crnogorski jezik."
      }
    }
  },

  "Dodatna pomoc": {
    "answer": "Ako su vam potrebne dodatne informacije, mozete poslati mail na <a href=\"mailto:info@neurobotx.me\">info@neurobotx.me</a> ili pozvati na broj telefona <a href=\"tel:067-068-069\">067 068 069</a>.<br>Takodje mozete kliknuti dugme \"AI pomoć\" i poslati pitanje vjestackoj inteligenciji.",
    "children": {
      "AI pomoć": {
        "answer": "---AI MOD---",
        "ai_mode": true
      }
    }
  }
}
